generation,min_fitness,avg_fitness,max_fitness
0,-177.43,-127.69,-98.69
1,-203.89,-127.30,-90.05
2,-174.97,-129.79,-57.19
3,-186.14,-129.82,-64.01
4,-205.48,-126.44,-80.85
5,-179.46,-127.18,-70.27
6,-182.20,-125.07,-89.32
7,-206.57,-128.10,-98.30
8,-182.26,-126.46,-95.87
9,-179.69,-126.15,-100.06
10,-179.93,-122.61,-99.44
11,-181.24,-123.15,-100.06
12,-175.52,-121.66,-99.64
13,-172.70,-116.87,-70.69
14,-166.94,-118.50,-78.18
15,-174.47,-119.87,-99.51
16,-173.31,-115.77,-95.05
17,-164.07,-115.91,-98.29
18,-175.14,-113.20,-98.81
19,-180.27,-109.60,-98.89
20,-160.37,-109.14,-98.61
21,-181.98,-107.32,-98.77
22,-172.46,-108.78,-99.09
23,-164.18,-109.84,-99.00
24,-153.24,-104.03,-97.97
25,-181.83,-107.19,-98.71
26,-182.56,-109.56,-96.99
27,-154.87,-104.34,-97.39
28,-155.70,-104.09,-98.63
29,-157.03,-106.19,-98.76
30,-182.63,-107.72,-97.83
31,-180.85,-104.69,-98.43
32,-144.75,-104.30,-95.36
33,-179.95,-104.29,-98.93
34,-173.92,-105.13,-98.58
35,-175.34,-104.31,-98.93
36,-171.17,-107.07,-98.95
37,-153.21,-104.10,-96.63
38,-176.44,-103.21,-98.80
39,-153.19,-103.71,-98.77
40,-168.10,-103.57,-98.76
41,-170.26,-104.08,-98.70
42,-181.20,-104.57,-98.52
43,-153.24,-103.14,-98.42
44,-153.97,-102.78,-98.86
45,-138.07,-102.30,-98.42
46,-125.37,-101.80,-98.70
47,-178.03,-102.57,-98.48
48,-156.91,-103.52,-98.63
49,-154.87,-103.06,-98.81
50,-165.80,-103.97,-98.81
51,-166.97,-102.95,-98.73
52,-126.30,-101.95,-98.52
53,-119.33,-101.40,-98.30
54,-180.09,-102.67,-98.30
55,-126.60,-101.47,-98.29
56,-125.19,-101.90,-98.55
57,-148.17,-102.73,-98.58
58,-153.25,-102.60,-97.94
59,-172.46,-102.54,-98.08
60,-135.86,-102.08,-98.44
61,-107.20,-100.81,-98.42
62,-146.29,-101.87,-98.58
63,-144.98,-102.49,-98.50
64,-196.49,-102.86,-96.37
65,-128.43,-101.61,-98.25
66,-176.16,-102.09,-89.31
67,-162.96,-103.72,-98.17
68,-176.95,-103.13,-97.38
69,-157.61,-104.82,-97.28
70,-173.69,-103.26,-98.32
71,-152.98,-102.02,-96.49
72,-156.73,-102.55,-98.47
73,-171.91,-102.82,-98.37
74,-151.56,-102.18,-98.15
75,-154.14,-101.95,-94.08
76,-174.50,-104.28,-98.12
77,-141.85,-101.89,-96.54
78,-152.66,-103.13,-97.00
79,-138.30,-103.48,-97.24
80,-156.72,-102.82,-97.41
81,-167.75,-102.22,-98.23
82,-148.96,-101.96,-96.85
83,-159.76,-102.63,-98.58
84,-135.62,-102.01,-98.27
85,-154.55,-102.30,-97.00
86,-130.01,-100.82,-83.31
87,-126.25,-101.61,-97.91
88,-127.74,-101.59,-97.03
89,-132.99,-101.52,-97.42
90,-169.61,-102.22,-98.54
91,-107.44,-100.87,-98.23
92,-149.11,-101.66,-96.07
93,-156.10,-103.39,-94.24
94,-137.95,-101.11,-93.67
95,-138.39,-104.16,-96.54
96,-138.10,-102.69,-97.41
97,-136.74,-101.72,-95.57
98,-156.03,-104.51,-94.70
99,-133.35,-103.25,-93.57
100,-165.53,-106.87,-64.67
101,-185.88,-109.99,-96.60
102,-148.85,-105.63,-96.12
103,-180.68,-107.42,-94.60
104,-153.74,-103.15,-96.57
105,-170.94,-108.05,-96.69
106,-193.84,-108.01,-92.92
107,-204.05,-106.64,-95.73
108,-186.45,-107.96,-96.85
109,-154.61,-104.19,-95.24
110,-161.56,-103.89,-94.39
111,-153.83,-104.65,-94.65
112,-149.11,-102.97,-94.83
113,-190.54,-104.13,-95.82
114,-175.10,-104.36,-92.97
115,-158.06,-104.20,-95.64
116,-151.69,-104.44,-95.81
117,-162.19,-104.85,-94.17
118,-154.61,-105.46,-91.93
119,-169.07,-106.22,-94.64
120,-160.79,-106.09,-95.65
121,-171.93,-104.51,-92.63
122,-215.80,-107.75,-89.13
123,-182.37,-105.74,-92.95
124,-180.91,-104.92,-94.20
125,-213.01,-107.11,-92.42
126,-177.73,-105.10,-94.69
127,-144.99,-102.46,-90.69
128,-211.81,-103.61,-88.75
129,-168.83,-103.95,-91.80
130,-195.07,-107.17,-91.05
131,-167.35,-107.62,-90.33
132,-150.13,-103.14,-93.99
133,-151.97,-105.24,-89.33
134,-165.43,-106.50,-93.33
135,-165.51,-109.04,-92.42
136,-204.91,-106.23,-90.01
137,-171.31,-107.90,-89.80
138,-160.52,-105.39,-90.62
139,-184.54,-107.01,-89.67
140,-157.89,-107.99,-90.18
141,-226.68,-111.75,-90.20
142,-168.58,-112.03,-87.96
143,-163.52,-105.31,-87.47
144,-205.95,-108.12,-90.23
145,-175.80,-108.58,-88.95
146,-156.58,-112.29,-87.59
147,-159.87,-107.83,-88.80
148,-181.34,-109.19,-88.49
149,-189.32,-105.00,-91.07
150,-175.36,-105.55,-87.88
151,-182.84,-108.42,-91.23
152,-184.99,-109.39,-88.80
153,-182.00,-110.41,-87.61
154,-169.06,-110.74,-88.35
155,-178.44,-111.84,-82.74
156,-179.28,-109.16,-89.64
157,-161.47,-105.35,-89.10
158,-172.27,-105.58,-89.62
159,-159.94,-105.81,-88.11
160,-165.22,-110.55,-84.63
161,-192.40,-108.22,-86.75
162,-206.47,-111.87,-90.70
163,-181.69,-116.90,-89.47
164,-205.16,-115.19,-90.80
165,-178.40,-113.55,-86.77
166,-183.94,-114.38,-88.93
167,-172.13,-110.07,-90.15
168,-180.80,-112.65,-81.83
169,-175.06,-110.61,-89.47
170,-201.99,-114.68,-89.05
171,-176.50,-107.70,-88.07
172,-176.32,-109.94,-87.26
173,-166.42,-107.23,-85.12
174,-171.20,-113.32,-88.80
175,-191.71,-112.13,-88.25
176,-166.51,-113.44,-80.73
177,-192.61,-111.05,-87.67
178,-177.12,-116.26,-87.74
179,-203.11,-112.79,-86.93
180,-165.51,-109.28,-89.85
181,-182.19,-112.39,-86.87
182,-195.71,-109.77,-86.48
183,-202.94,-109.58,-82.16
184,-232.08,-112.45,-86.85
185,-199.31,-111.15,-76.07
186,-192.82,-107.16,-81.31
187,-194.24,-111.13,-88.15
188,-228.23,-107.94,-87.73
189,-158.62,-105.61,-83.07
190,-197.61,-106.96,-82.37
191,-206.43,-105.02,-84.08
192,-183.57,-105.90,-91.51
193,-170.32,-111.46,-87.95
194,-205.02,-113.11,-89.76
195,-171.29,-106.61,-86.61
196,-189.65,-106.37,-88.46
197,-188.01,-112.52,-90.15
198,-217.94,-106.51,-87.72
199,-172.16,-110.99,-89.44
200,-202.12,-108.68,-89.44
201,-187.60,-109.75,-87.67
202,-180.46,-105.73,-87.89
203,-179.71,-108.93,-85.31
204,-148.65,-106.82,-90.52
205,-206.82,-112.50,-85.74
206,-191.44,-109.16,-87.35
207,-195.02,-107.03,-86.38
208,-211.29,-113.73,-87.59
209,-199.68,-115.76,-84.35
210,-189.33,-111.50,-88.65
211,-178.75,-105.72,-88.99
212,-203.74,-108.43,-86.09
213,-182.06,-109.58,-84.14
214,-173.72,-112.00,-88.75
215,-211.30,-107.87,-88.42
216,-198.42,-115.38,-87.76
217,-210.26,-109.28,-85.89
218,-191.91,-117.11,-85.74
219,-191.25,-108.16,-82.05
220,-165.70,-110.11,-86.86
221,-167.40,-108.95,-88.72
222,-187.02,-111.63,-87.06
223,-183.43,-111.73,-86.96
224,-219.24,-111.60,-86.90
225,-172.29,-106.31,-84.71
226,-174.32,-105.87,-85.88
227,-177.70,-112.09,-85.53
228,-181.88,-110.36,-84.57
229,-199.09,-109.76,-82.79
230,-203.04,-112.09,-86.34
231,-203.05,-112.02,-81.79
232,-198.90,-111.14,-87.37
233,-216.07,-114.64,-87.93
234,-221.65,-114.85,-86.40
235,-217.11,-111.20,-87.24
236,-174.46,-107.03,-85.73
237,-206.70,-111.89,-87.40
238,-153.41,-102.31,-87.10
239,-204.08,-107.48,-88.02
240,-201.91,-109.14,-87.06
241,-191.50,-111.09,-88.29
242,-199.39,-108.38,-79.34
243,-223.50,-105.88,-84.38
244,-207.58,-111.04,-86.04
245,-197.64,-109.17,-82.14
246,-181.66,-107.69,-85.64
247,-208.65,-111.31,-80.10
248,-184.47,-106.37,-86.45
249,-209.01,-113.36,-84.53
250,-201.47,-108.54,-81.81
251,-194.35,-108.34,-79.27
252,-205.91,-116.53,-87.46
253,-200.67,-110.57,-86.18
254,-165.56,-108.41,-87.62
255,-171.34,-110.76,-84.25
256,-194.06,-108.67,-87.09
257,-178.14,-106.54,-86.43
258,-196.74,-109.62,-88.01
259,-194.97,-108.15,-88.27
260,-163.83,-105.62,-86.23
261,-199.56,-108.01,-83.06
262,-187.52,-106.66,-89.30
263,-175.20,-111.48,-86.53
264,-183.99,-110.04,-87.80
265,-178.18,-107.81,-86.74
266,-162.75,-104.25,-87.05
267,-166.20,-106.80,-85.12
268,-198.36,-107.76,-85.97
269,-199.35,-108.29,-80.68
270,-208.60,-108.62,-86.65
271,-193.44,-109.70,-87.14
272,-180.57,-113.17,-86.19
273,-175.64,-109.17,-85.06
274,-195.82,-115.14,-87.29
275,-194.97,-116.26,-85.70
276,-162.50,-110.79,-84.63
277,-212.47,-111.85,-84.37
278,-223.09,-111.14,-85.15
279,-165.38,-112.91,-87.90
280,-204.23,-119.32,-85.22
281,-199.60,-110.90,-88.18
282,-213.09,-111.01,-88.73
283,-210.03,-113.10,-86.36
284,-171.04,-105.40,-88.39
285,-228.79,-108.65,-86.40
286,-213.40,-107.06,-86.10
287,-174.92,-110.02,-89.30
288,-178.47,-107.47,-86.96
289,-166.68,-105.24,-87.31
290,-171.75,-104.94,-86.84
291,-186.50,-110.25,-86.04
292,-186.53,-112.60,-86.21
293,-163.83,-115.21,-85.26
294,-199.56,-112.11,-82.02
295,-187.52,-106.56,-89.35
296,-175.20,-111.68,-86.13
297,-183.99,-110.04,-87.30
298,-178.18,-107.81,-86.24
299,-162.75,-104.25,-87.15
300,-213.09,-111.01,-88.53

